cliente_id,frecuencia_compras_mes,ticket_promedio_usd,dias_desde_ultima_compra,num_categorias_distintas,porcentaje_compras_con_descuento,num_devoluciones_año,horas_navegacion_semana,num_reviews_escritos,tasa_abandono_carrito,arquetipo_original
CLI-2026-0362,1.3493229267274183,87.60946142333283,220.13502026388645,2,0.3654426931184397,0,0.5600469771380177,1,0.4211961126077924,Comprador ocasional
CLI-2026-0074,2.1258574623256026,24.31190427837302,40.34599865109816,2,0.9445240479187262,6,4.036241814797041,4,0.4880091354147451,Cazador de ofertas
CLI-2026-0375,6.216624975404619,49.47976491903196,27.49652636687133,6,0.3668932640314227,3,19.071857536751736,37,0.7145501259865638,Leal navegador
CLI-2026-0156,15.84384150847057,413.091979944665,7.372028968544401,12,0.1259378283678702,1,5.628670066904548,10,0.15191959628041915,Cliente premium
CLI-2026-0105,1.4354857153335963,22.385680114572775,34.22333668121346,2,0.8487387895447834,5,6.825750739221116,4,0.31513478655921406,Cazador de ofertas
CLI-2026-0395,4.4510394749465245,98.90804949100597,23.83259750564562,8,0.24049098601321173,3,18.44091404087343,34,0.641227617212219,Leal navegador
CLI-2026-0378,7.0613709648731335,112.69064095187812,21.713395370348298,8,0.300746786037583,2,20.83546021114363,35,0.5990493264349429,Leal navegador
CLI-2026-0125,16.996020219719306,422.18219083262346,10.848662406323971,13,0.046896391174051213,1,12.382841584783112,6,0.15078855748855707,Cliente premium
CLI-2026-0069,1.6446544100190537,19.320910287597872,57.38124523482045,3,0.7907436265556503,7,5.907425708963997,3,0.332737270005918,Cazador de ofertas
CLI-2026-0451,6.505965553455865,108.61281824904289,6.174198005001518,5,0.3455619736626364,3,24.938090432426193,30,0.7523370292221865,Leal navegador
CLI-2026-0010,1.7170240174343858,22.411377848836164,60.486978908267204,1,0.8085796793149834,6,2.580634549896448,6,0.2341635310807457,Cazador de ofertas
CLI-2026-0195,16.51785717957353,399.7875180961037,6.069445308859571,11,0.039738297388814355,0,12.932811593966603,0,0.03995480107617422,Cliente premium
CLI-2026-0407,7.399594645145793,106.77539308433344,15.476994973471031,8,0.31640855759019704,1,22.067984921877123,32,0.7235487038012486,Leal navegador
CLI-2026-0085,1.176602558842725,25.09021160325196,54.36179725578233,2,0.8396156424258497,6,4.9005753988038885,3,0.42716987106483445,Cazador de ofertas
CLI-2026-0372,7.137314542364729,83.4555790955391,13.380991384121934,5,0.24918010511006222,1,17.25131883262206,30,0.7118975425038774,Leal navegador
CLI-2026-0389,5.946095150994261,59.233847650729246,23.86229394352131,7,0.24857699876064926,3,21.186971621039323,25,0.6012754668060531,Leal navegador
CLI-2026-0496,20.0,8.0,1.0,15,0.0,0,30.0,0,1.0,Outlier/Anomalía
CLI-2026-0031,1.2593173551082413,17.919851670529056,30.27737023428074,1,0.8259599383257535,5,8.340126807403191,4,0.4395193220027732,Cazador de ofertas
CLI-2026-0317,1.0487460506976984,58.07624275523813,241.9553534126946,3,0.16560199872225012,1,0.6737539536980872,2,0.43271982626035355,Comprador ocasional
CLI-2026-0409,4.634175844584561,85.37638099481197,38.99817122413569,5,0.2663907839636614,2,17.932302604768612,36,0.7595764523020025,Leal navegador
CLI-2026-0491,0.5,500.0,120.0,1,0.0,8,0.5,45,0.95,Outlier/Anomalía
CLI-2026-0492,0.6,450.0,250.0,2,0.9,10,2.0,1,0.8,Outlier/Anomalía
CLI-2026-0281,0.6089688546864493,119.23887970772802,210.76534504620923,3,0.3063325947000229,1,3.1784664536762604,1,0.5400398588395063,Comprador ocasional
CLI-2026-0357,1.360351694544165,106.29211851787201,294.8386070148713,1,0.195850225059296,1,2.6881729356713784,1,0.2938506777558141,Comprador ocasional
CLI-2026-0077,1.5348188272952685,22.349252310676,46.45493947489077,1,0.8920728353298366,5,6.383634188360281,2,0.3994030186282739,Cazador de ofertas
CLI-2026-0462,6.139060398653418,67.4645243757631,27.953485682520277,4,0.339440377764352,2,21.08806710263336,38,0.8878351471305945,Leal navegador
CLI-2026-0498,0.8,490.0,350.0,1,0.05,9,1.0,0,0.05,Outlier/Anomalía
CLI-2026-0212,14.550733700005951,416.6144381507983,10.44721163761789,9,0.06710718123154641,0,8.819773555757182,7,0.17700745192606332,Cliente premium
CLI-2026-0102,1.3317418708938564,12.32370477286209,48.480749060364545,3,0.7686349704454679,5,3.3483036523438074,5,0.3071884839034087,Cazador de ofertas
CLI-2026-0335,1.4350171527847786,111.22793108983184,238.94528307245818,2,0.11070770022863162,0,1.8390729132728012,2,0.3595385625006234,Comprador ocasional
CLI-2026-0476,5.901154798760694,61.52240071182055,23.701918206861283,6,0.3666057055047044,2,20.335270839435385,43,0.6578800687605599,Leal navegador
CLI-2026-0337,1.0207469415925075,111.37555287509721,242.22050585368993,1,0.1295056198003696,0,3.1602093997910634,1,0.5165416823691779,Comprador ocasional
CLI-2026-0441,6.400481386506328,78.45965364780457,20.56725371987075,8,0.2083368638246012,2,16.99933441565919,34,0.6676881289339539,Leal navegador
CLI-2026-0174,13.306077303363345,421.3198342317512,8.409605993248212,10,0.09694396262373844,2,14.03895705887058,7,0.14735595575876048,Cliente premium
CLI-2026-0003,1.759075415240277,25.52114256280162,37.87582033258566,2,0.8195216415210029,6,6.043733455988465,2,0.19160971765142765,Cazador de ofertas
CLI-2026-0334,1.338618267975569,111.5946483575835,174.76446258696336,3,0.026110536090900263,2,0.5,1,0.45460027472532744,Comprador ocasional
CLI-2026-0410,5.851030690232703,61.56691305364876,32.65071249590723,5,0.4137374331772928,2,24.66195731354863,36,0.7506748025122915,Leal navegador
CLI-2026-0071,1.6445582422033656,23.284562464781224,64.58218210731494,3,0.8436671285426978,6,4.644181165411475,5,0.4152322878413419,Cazador de ofertas
CLI-2026-0210,16.88154237597643,399.6808351174529,7.169560100333238,10,0.0431035926200599,0,8.44788100437221,3,0.13232523892160025,Cliente premium
CLI-2026-0064,1.0215173503677317,26.284002964552553,36.12642916746255,1,0.8106593658764751,5,6.079729279999356,3,0.4547098302612154,Cazador de ofertas
CLI-2026-0385,8.0,130.44869440893763,27.12434348059819,8,0.20891659569350313,2,24.297304612864004,32,0.840730481072364,Leal navegador
CLI-2026-0094,1.3689351413608928,26.553815322959604,40.1792123752051,1,0.7950827251659519,4,6.6800767156765515,2,0.38465038817307157,Cazador de ofertas
CLI-2026-0486,5.167938695150143,116.88884783498393,5.308178733031323,6,0.3095951765157104,2,15.0,22,0.7668239549213071,Leal navegador
CLI-2026-0186,19.581885145181484,433.48458108781045,5.7296147342916175,13,0.18358254568074456,2,9.725975490185423,7,0.19745100757475936,Cliente premium
CLI-2026-0034,1.0769156284176398,17.713891491841792,35.99674684261808,3,0.852601611542796,4,3.445235362311169,2,0.2964764788439432,Cazador de ofertas
CLI-2026-0078,1.380397059813653,15.142178213016262,53.9273553815537,2,0.7955154776187069,5,3.158089046670744,6,0.3760673765823907,Cazador de ofertas
CLI-2026-0001,1.6986856612044932,30.416765865616597,26.995553894163358,2,0.9212284981043538,6,5.112379133571707,5,0.3047693680750923,Cazador de ofertas
CLI-2026-0012,1.3137080985718972,24.84155458381109,37.73648890700623,2,0.7370320161421398,6,4.539136575316251,2,0.43773622905756715,Cazador de ofertas
CLI-2026-0416,7.23000057271915,58.26549122248139,14.654984132667401,7,0.27773623626696164,2,21.83942137115907,25,0.6930757928097461,Leal navegador
CLI-2026-0023,1.5270112818751695,23.55929676549054,69.48616955897452,3,0.8362274095467903,5,3.0759016667520855,2,0.2928821010217203,Cazador de ofertas
CLI-2026-0073,1.4856695843560195,23.039085555107093,55.22929456942446,1,0.8373864914137847,5,3.8482556588515267,2,0.49765403497258953,Cazador de ofertas
CLI-2026-0183,16.96353097398319,404.67393166737986,11.557112463988991,9,0.07251422939981805,1,11.36571062000925,6,0.10229796445294881,Cliente premium
CLI-2026-0132,12.893168873652687,477.3683050556973,2.594058687259941,10,0.039610771811602496,1,9.479707856818651,9,0.005190952343138086,Cliente premium
CLI-2026-0411,6.502784426895194,118.91445755621731,37.36294001715409,6,0.22590613307561755,2,23.21601883490142,42,0.6872553220723423,Leal navegador
CLI-2026-0194,16.706831117560615,487.2549831101477,14.495007034703253,7,0.1327039014243184,0,9.165451275609975,4,0.19449317193010413,Cliente premium
CLI-2026-0056,1.8725120476464794,30.721204462943902,54.44443262885419,3,0.9064941172394739,6,5.188770118842655,6,0.18314159261224103,Cazador de ofertas
CLI-2026-0149,18.26686306460219,401.1929213890729,6.670153246425469,9,0.11532439108588635,1,13.481163250160822,6,0.13882047630487582,Cliente premium
CLI-2026-0019,1.1367903697915156,23.364759607624777,1.0,1,0.7844563645456678,6,3.1151501308336433,1,0.2498379990105084,Cazador de ofertas
CLI-2026-0205,15.359788302306956,393.87640851566067,4.8655724179368995,8,0.11362480106018212,0,11.595127753601894,11,0.10124018098380315,Cliente premium
CLI-2026-0079,1.5367043106142009,24.1467241620897,32.726689751497915,1,0.6977125278893287,6,4.219692533757962,1,0.29496948461545797,Cazador de ofertas
CLI-2026-0495,20.0,8.0,1.0,15,0.0,0,30.0,0,1.0,Outlier/Anomalía
CLI-2026-0263,1.0589873556721496,105.0133144276242,239.98740441211734,2,0.3109816356560612,0,2.268167559707121,1,0.4090313407370503,Comprador ocasional
CLI-2026-0324,0.8742524613344443,74.92085255837003,185.94374262958746,2,0.09947378166677348,0,0.9621568088493078,1,0.4798158465990526,Comprador ocasional
CLI-2026-0484,5.596924010934969,60.218945949467155,24.913122368437293,5,0.35037117187087724,1,22.434958568014334,37,0.6053862968208278,Leal navegador
CLI-2026-0080,0.7049724341596428,25.364707158209406,76.3858091352819,3,0.7595148213449557,6,3.8404034125887376,0,0.2828376632061948,Cazador de ofertas
CLI-2026-0040,1.5787444943476494,26.722507622454714,26.432767517597263,2,0.8228850967996829,6,3.6562998361585985,5,0.36979107834626473,Cazador de ofertas
CLI-2026-0452,5.271727797593387,72.45373108097394,22.375479216482958,6,0.4522893814793828,1,19.16788554546228,37,0.7772698195752767,Leal navegador
CLI-2026-0047,1.315744491616085,20.52767130398278,41.87816624464087,1,0.7808898335318704,6,4.38834985634993,4,0.3475645407739017,Cazador de ofertas
CLI-2026-0239,14.410100643415944,378.5309067760671,11.869258262248238,10,0.1053888587424708,1,10.942750984755467,12,0.040093782405812614,Cliente premium
CLI-2026-0392,8.0,72.71754869983367,31.556737764109847,5,0.1625196629249557,2,22.04375348780615,28,0.5978265714728281,Leal navegador
CLI-2026-0353,1.7987002469351894,106.44114883428288,260.85533181717597,1,0.11696017422852527,1,1.9259606393137882,2,0.3638296929743742,Comprador ocasional
CLI-2026-0342,0.9575202835077221,100.42990621651296,256.7381777576966,2,0.09801878185213862,1,1.8891833798535926,1,0.5146489537725771,Comprador ocasional
CLI-2026-0278,1.5022541069510766,107.34011899153396,164.758215873849,1,0.22081851863911928,0,1.71312822140824,0,0.38230048615414686,Comprador ocasional
CLI-2026-0291,1.7929321753546454,82.41473212614423,204.5147740084194,2,0.24846996105237878,0,2.9290901777397775,2,0.37646965393180476,Comprador ocasional
CLI-2026-0318,1.1755431980695061,76.4097827961518,209.80176825785207,2,0.08933743448899278,0,1.5116919913763986,1,0.5271920154836676,Comprador ocasional
CLI-2026-0305,1.46606621702919,86.73069677753448,242.82451988878125,2,0.0,0,1.2958370202608611,0,0.34291475813155614,Comprador ocasional
CLI-2026-0269,1.0924979543936333,104.84037695985599,254.7662425755709,1,0.1218868611429014,0,2.573336785572865,1,0.5212712028861332,Comprador ocasional
CLI-2026-0070,1.2419520981579502,27.138392765940836,57.20264454000958,2,0.7940465087308227,7,3.725932907673939,2,0.43836599374866725,Cazador de ofertas
CLI-2026-0456,7.026986263319732,57.550689042317984,28.112238252582877,4,0.33262091514350156,2,20.381973248144078,32,0.7744176288381353,Leal navegador
CLI-2026-0466,5.92433439567417,94.50861365053247,24.960488922151644,6,0.33404289836628787,2,18.213441833463314,47,0.7378616668736209,Leal navegador
CLI-2026-0155,15.642714430900547,330.2192525099991,12.413510982480826,14,0.06294569615177827,1,11.983721801380533,11,0.07496896326760655,Cliente premium
CLI-2026-0083,2.0911576178966067,13.733983792257455,62.37166310250102,2,0.821105102751373,4,6.047766809202953,1,0.4043600154594432,Cazador de ofertas
CLI-2026-0478,4.0,126.35812676327104,18.55099544339921,6,0.1673598290301354,1,22.513872584696355,29,0.7340951858002154,Leal navegador
CLI-2026-0173,18.189010126449944,438.19585422079945,14.040161742579869,10,0.04179509682602588,2,12.412129082743643,6,0.12112329464060231,Cliente premium
CLI-2026-0322,1.2102457252464074,66.0070956060294,131.2279850900986,2,0.0856547392272006,1,1.131614744720087,2,0.2642098548601713,Comprador ocasional
CLI-2026-0091,1.538831019739216,27.724010580959213,59.62679600126627,2,0.7312848252532095,5,7.948347185428876,6,0.2205318524279094,Cazador de ofertas
CLI-2026-0181,13.623699309644552,406.7217190771511,4.859267051954181,10,0.03750425887412481,2,8.81540163232271,3,0.153643061798341,Cliente premium
CLI-2026-0415,4.973630792334108,88.50573557867848,16.43444098242349,7,0.3037980618348136,4,20.16216885841652,41,0.7323594932476201,Leal navegador
CLI-2026-0313,1.4040648316351347,90.39198571588466,165.95702535167914,2,0.11273555447054696,0,2.4062020321142006,2,0.45124993219072507,Comprador ocasional
CLI-2026-0279,0.9946110522719988,108.67138646400954,232.15274382419503,1,0.1026115235478357,1,1.776817833548788,1,0.3727340554729176,Comprador ocasional
CLI-2026-0382,5.9996863273882255,111.92451512405496,42.092452412675385,7,0.33696746824593404,2,23.797634838441844,23,0.7362588763668825,Leal navegador
CLI-2026-0473,6.4914294527202,65.68670392953584,15.511993090969241,5,0.33144390159031617,2,24.71109548068979,35,0.5302672511312886,Leal navegador
CLI-2026-0363,1.3997772756163385,92.37054808656664,233.11284691372342,2,0.1779840019654326,1,3.1272592519647184,1,0.5918531345148037,Comprador ocasional
CLI-2026-0325,1.403811984886951,99.14534658797888,227.00845675634048,1,0.1702532190430385,0,3.0661528431096587,1,0.5138660168643102,Comprador ocasional
CLI-2026-0432,5.020278775283193,32.937258243454025,22.00546255165986,7,0.28296483903797937,3,25.761512861813188,23,0.6683542342371683,Leal navegador
CLI-2026-0348,0.7490759094720546,118.39179984855548,207.66068846176722,1,0.04631066686000844,1,1.6734012701329215,1,0.5855442801105496,Comprador ocasional
CLI-2026-0087,1.8661608470808297,25.090286117836285,44.81629840729628,1,0.8697643348710093,6,4.623425983913136,1,0.46487657003721033,Cazador de ofertas
CLI-2026-0076,1.8287610017500895,22.92235063567317,43.047854184484734,2,0.8004385880699295,6,3.781877067504784,3,0.38958035334374086,Cazador de ofertas
CLI-2026-0439,5.474120324104796,66.508717712438,22.272219288577855,3,0.29075952504117875,2,21.103491933066884,20,0.875867411583185,Leal navegador
CLI-2026-0016,1.2750849883036108,20.067630902765945,56.61951080144005,2,0.8537781542014342,5,3.366925601470016,6,0.1458265131575709,Cazador de ofertas
CLI-2026-0250,1.1427288624818104,128.48984866695076,230.53948861324238,2,0.1989975035210882,0,2.9642404465902024,1,0.39985978531143634,Comprador ocasional
CLI-2026-0434,4.31265565288929,83.71631677422361,15.672804946659575,8,0.20534785483802304,1,22.164675420872634,37,0.7602601651799603,Leal navegador
CLI-2026-0020,0.9350785194658834,29.842856525694568,29.634185379985652,2,0.768160553819211,7,2.4724730915754995,2,0.32188997071140446,Cazador de ofertas
CLI-2026-0323,0.8738262183411591,76.56280373749374,210.80801477699225,3,0.22162843446100797,0,2.58882903153411,1,0.5103247500571394,Comprador ocasional
CLI-2026-0333,1.0606787213071835,69.00837526144805,302.2617425931817,1,0.13585806695073743,1,0.9845231396185261,2,0.4261889563687946,Comprador ocasional
CLI-2026-0057,1.1643129907109446,20.412059000572263,32.56507483616892,2,0.6717013299923627,5,4.394751432812029,3,0.3899223122605279,Cazador de ofertas
CLI-2026-0302,1.1963733156461835,123.96998459785853,208.80959326016662,3,0.1870630824094485,1,1.4319629637764293,2,0.4460980480622456,Comprador ocasional
CLI-2026-0230,15.081183382407765,394.95693554974343,8.063814730208184,8,0.026160812790130057,0,11.169232929413583,9,0.10212772885947863,Cliente premium
CLI-2026-0332,0.9056503406580955,121.80922103580696,244.27402372862684,2,0.09027373227678087,1,3.0307030808154534,0,0.5936335405705979,Comprador ocasional
CLI-2026-0133,13.75246207860839,380.48778752472583,9.624388184614364,9,0.10476617044020792,1,9.678656221402672,10,0.09247315752542082,Cliente premium
CLI-2026-0138,15.99136377594521,457.36908819054236,9.17541201620764,9,0.13499505676592738,1,7.430812147685105,8,0.19262337672353727,Cliente premium
CLI-2026-0424,5.65909212265392,63.78789867206798,31.17152696320582,10,0.2951753835692077,3,15.765078348044728,30,0.7920426461865273,Leal navegador
CLI-2026-0336,1.1245383341866513,72.03473422494764,182.94475480073845,2,0.12720996053042632,1,2.6413926399287364,0,0.5672756845267445,Comprador ocasional
CLI-2026-0026,1.5443690358839464,14.077260321494343,46.96110865929137,2,0.7655461802775041,4,4.7772541855423105,5,0.44246336829127686,Cazador de ofertas
CLI-2026-0465,5.926027136405622,93.69540129113783,19.28702176583969,7,0.34413600071213885,2,22.42302996020334,35,0.6662011523194931,Leal navegador
CLI-2026-0282,1.4677792014897926,100.22501062467713,278.1304265328414,2,0.10954026365904507,0,1.9929164797041348,2,0.49512253193185085,Comprador ocasional
CLI-2026-0248,1.346361685461322,110.57873007024229,247.58831220980778,2,0.027154230143431532,0,1.8355683791809037,1,0.3747564762646965,Comprador ocasional
CLI-2026-0238,16.789848753888883,388.2019910108686,9.143475154648334,9,0.09956748520590654,0,9.075974159890915,8,0.14942766348853598,Cliente premium
CLI-2026-0118,1.0325287849521871,27.114600008777344,67.99108369503867,2,0.9326077487534838,6,3.7035045674972737,2,0.35519458858072994,Cazador de ofertas
CLI-2026-0043,1.4537406870447038,27.78025677546593,42.72322357446625,2,0.8583155475266424,5,5.432714943325795,3,0.31796526918056794,Cazador de ofertas
CLI-2026-0221,14.960724402146637,378.6670729244251,9.988643806002237,6,0.0328384083536079,1,12.752399087496428,10,0.1040076238372578,Cliente premium
CLI-2026-0177,13.722076504620995,442.45841949927143,3.9586211314109105,8,0.08096877826691032,1,9.933985607602683,8,0.1557690657720622,Cliente premium
CLI-2026-0321,0.9972875762515164,93.33124060419279,223.43572025173322,1,0.20036236673774485,0,2.645242499627007,0,0.47289963924593403,Comprador ocasional
CLI-2026-0154,15.65752482060696,429.17351365631237,3.1593158063697766,14,0.04992835799619263,2,12.027020682899455,11,0.20213364766279818,Cliente premium
CLI-2026-0232,13.674198164898105,420.9975055498671,13.106644833905714,8,0.15755715996233138,0,10.24495788367724,8,0.1886424237338265,Cliente premium
CLI-2026-0228,16.086596058072775,330.8586701776145,9.75909205626528,9,0.06100385373509902,1,6.2425741790121165,11,0.12033999222799989,Cliente premium
CLI-2026-0418,7.628468554772322,87.63855933543914,18.83016257518592,5,0.20616200597906614,1,15.47762941776497,37,0.7114188187351246,Leal navegador
CLI-2026-0204,12.792821365568457,434.7214822337783,5.482370997982981,11,0.0598090031508713,2,15.57825036548158,10,0.08918192959802612,Cliente premium
CLI-2026-0127,19.176749409561456,393.5149319392802,1.0,8,0.03711443952057573,0,8.468906563398905,2,0.11302768621595002,Cliente premium
CLI-2026-0330,0.9967306042993034,89.56689779347893,239.3075154883685,1,0.13428267332575222,0,1.0823054519096071,2,0.3787779236350949,Comprador ocasional
CLI-2026-0032,2.240911273803575,23.39352218296602,51.93155211394906,3,0.8650832274023073,8,4.355910150413025,6,0.41351718016819694,Cazador de ofertas
CLI-2026-0114,2.4852968449941146,25.803514133908067,40.670120416197925,3,0.7646700805493424,6,5.238676896012223,6,0.3303650150915022,Cazador de ofertas
CLI-2026-0471,8.0,95.05489614981629,14.08033765958389,7,0.14430977431200429,1,20.7708164033574,35,0.7995557900407125,Leal navegador
CLI-2026-0272,1.1456327480345692,116.94305423507392,221.51751341790407,2,0.2725894179742493,0,3.5978905583324465,2,0.4937313187038961,Comprador ocasional
CLI-2026-0141,19.80683117047655,419.91440777148466,7.954070452481013,13,0.060690259112718706,0,12.423643001316842,10,0.1511103572021701,Cliente premium
CLI-2026-0058,1.3763150496595142,38.32101499953771,36.597284397045456,3,0.7721862846717713,7,2.0085585997260127,3,0.4147195939702741,Cazador de ofertas
CLI-2026-0193,16.189508683330573,413.6002511585837,9.367663316244823,9,0.08673843905078457,1,11.742386011276839,12,0.10883988726825974,Cliente premium
CLI-2026-0025,1.282246910189927,14.578295734731508,38.39933269954524,1,0.8056631171880154,4,5.239976851321334,3,0.4899355436586002,Cazador de ofertas
CLI-2026-0018,1.6256989330381095,14.614814101396268,44.107119659073,2,0.7907724769741182,5,2.3900083547276667,2,0.2818015752002201,Cazador de ofertas
CLI-2026-0266,1.1801602156122533,81.79357721053105,249.7072967343889,3,0.23360707792678026,0,0.8956214050278879,3,0.38823583230663034,Comprador ocasional
CLI-2026-0067,1.4711959513678665,16.919237691589572,41.73478195159169,2,0.8402561597245121,4,4.542477564195692,5,0.45786808334312956,Cazador de ofertas
CLI-2026-0209,13.020743726859324,400.98634050791946,7.336239129242684,10,0.06432967403824713,1,8.030540620229402,8,0.0644271021531484,Cliente premium
CLI-2026-0480,6.126177903661967,63.97380176721311,26.406380578189307,5,0.4001305460166848,2,21.512689576982456,32,0.735833333387366,Leal navegador
CLI-2026-0095,1.3431567387471368,17.36304871277457,51.193971814134365,4,0.8579669119663771,4,6.869358218596068,3,0.34530794211208155,Cazador de ofertas
CLI-2026-0254,1.3417218833641131,87.25800595051199,192.37835790734962,1,0.13924025724786138,1,2.0163610757117225,1,0.5022142545933936,Comprador ocasional
CLI-2026-0267,1.8299165367499546,108.9765684040507,239.28995810722628,2,0.1615910266477513,1,3.164795613237453,1,0.296495975246764,Comprador ocasional
CLI-2026-0024,0.9301007255146173,26.690937230663863,23.54787933059051,2,0.8169857134330517,5,8.448573097256087,3,0.4072582781356158,Cazador de ofertas
CLI-2026-0223,15.447828268129323,401.9827473713988,8.54306467611112,11,0.06141530810806428,0,6.9261260138689575,6,0.07824285491849883,Cliente premium
CLI-2026-0262,1.064372900150076,106.50410032213132,229.57618002141507,3,0.23727843401487736,0,1.2818468881474663,1,0.6329620201716087,Comprador ocasional
CLI-2026-0427,5.406188591931295,104.55631099372401,24.689159704209832,8,0.39831116468454236,1,24.07875461703067,29,0.7745089861260244,Leal navegador
CLI-2026-0006,1.4063452172203277,18.602213622383367,51.07472566441433,2,0.7683229479203041,6,5.974036475918271,4,0.39254575617849646,Cazador de ofertas
CLI-2026-0117,1.4861152921179026,18.029281211389673,52.79019771361759,1,0.844806094193422,6,3.543390023623026,3,0.422762954363698,Cazador de ofertas
CLI-2026-0046,1.2120623166421165,33.380757895923686,35.659507202691096,1,0.7473390280142526,6,4.128722046672743,2,0.29262999960614205,Cazador de ofertas
CLI-2026-0017,1.0948675518662305,26.88110330421802,31.096042926328757,1,0.7809614458526903,4,3.5827232955120776,3,0.3252822617479403,Cazador de ofertas
CLI-2026-0463,4.423003517809002,119.24080568035785,25.37236866829249,7,0.19738395520880553,1,24.373374843418716,34,0.6779495252811693,Leal navegador
CLI-2026-0358,1.4662966277621508,74.6067132261577,235.58456709483616,1,0.007130680645271087,1,2.3255783687747478,1,0.6003419828429,Comprador ocasional
CLI-2026-0004,2.1092119425632103,35.142733754859876,35.200061511394324,1,0.9087966483334015,4,5.208896223619565,4,0.42604146561442974,Cazador de ofertas
CLI-2026-0219,11.814012532936662,362.72102179236197,9.472924854914755,10,0.04385192557079488,0,3.674281193134176,7,0.16936672582945508,Cliente premium
CLI-2026-0406,6.574071220894002,126.05944049003327,16.893738187772048,6,0.3415435802064587,0,19.601359175345625,30,0.6828335137507505,Leal navegador
CLI-2026-0061,1.308330304861884,15.574645011633326,44.68647609053778,1,0.8422687524022785,7,4.9073682557930605,3,0.22742343369976586,Cazador de ofertas
CLI-2026-0111,0.7324915138803834,22.27343103942288,44.71475688145967,2,0.7933424043954332,6,2.815916967656552,3,0.4530283454031842,Cazador de ofertas
CLI-2026-0319,1.304302945061501,65.06941489819842,214.98182959988398,2,0.059550773204997895,0,1.8691155732626847,1,0.4941307151699246,Comprador ocasional
CLI-2026-0429,6.07857702971915,108.0718068663385,15.408516104224002,4,0.4487024684587499,2,24.918666608076407,32,0.7803786638454248,Leal navegador
CLI-2026-0030,1.3833225000826892,24.078689256981853,45.1534959152938,2,0.7613466853120869,4,4.683014721968042,5,0.38934853854217494,Cazador de ofertas
CLI-2026-0438,7.953259137526568,98.29854324603482,18.67828985675783,5,0.2314274546558039,2,19.730315730611327,23,0.7353518188698429,Leal navegador
CLI-2026-0472,5.595602576816039,35.134583593398446,21.719939119950112,7,0.30703008196161136,2,21.506863808430513,27,0.7716804949691641,Leal navegador
CLI-2026-0027,1.0396025690310788,25.131649393701387,66.61909933599173,1,0.7853937201659,6,3.2124633297281795,7,0.35596303699201737,Cazador de ofertas
CLI-2026-0008,1.8069738916611635,18.979146075302804,58.767929205821645,3,0.8523346026210795,6,6.021555097527195,1,0.34522886438580197,Cazador de ofertas
CLI-2026-0454,7.190548594343596,86.02395803762171,14.416858261848109,7,0.39968945719289034,1,16.90861577076987,27,0.6940745459832823,Leal navegador
CLI-2026-0109,1.6030201562891058,17.61780020969718,57.86489434803029,3,0.8038075038823976,5,4.425804435521351,3,0.3881935452231553,Cazador de ofertas
CLI-2026-0038,0.7161319504480897,25.939321651802977,54.9319601178157,2,0.7117070739601288,5,7.218672836995394,4,0.2810812181910432,Cazador de ofertas
CLI-2026-0158,15.907068603027959,357.6625643458078,11.11971406218823,11,0.022468880867305335,1,5.843770029910814,10,0.15015937155411715,Cliente premium
CLI-2026-0490,0.5,500.0,120.0,1,0.0,8,0.5,45,0.95,Outlier/Anomalía
CLI-2026-0119,1.9571291258060082,17.244875569403796,43.36859777314714,1,0.7735726480537856,5,3.5652892103628533,4,0.4232640077215579,Cazador de ofertas
CLI-2026-0115,1.423055614087551,9.849144480054356,49.84077840507134,2,0.8721763552063395,6,4.933752965861727,3,0.34283987405859356,Cazador de ofertas
CLI-2026-0176,10.69321977279257,388.9257042606819,8.554040917594726,11,0.03729868342982909,1,8.518839352117764,9,0.1757160847334436,Cliente premium
CLI-2026-0374,5.062074423463601,93.36411511775944,24.505057120105242,7,0.4242622429852851,2,15.0,33,0.6426729687211747,Leal navegador
CLI-2026-0182,19.504871610688618,389.18092375291246,9.609958257581859,8,0.09713228388830594,1,9.963869322804301,6,0.1495907066870689,Cliente premium
CLI-2026-0145,17.21105186591597,379.64116801179745,11.589714504993474,7,0.09292317092464117,1,7.0159079206088,8,0.15352403086206062,Cliente premium
CLI-2026-0370,5.054493120057269,74.3566287374562,33.60801150505069,7,0.27595584546332097,1,23.90638537585436,41,0.6336210942979321,Leal navegador
CLI-2026-0391,7.121857856230471,87.91042395536482,4.4806263601715735,7,0.322777099900205,1,19.285828749015824,31,0.8165286523891132,Leal navegador
CLI-2026-0196,15.562382847938752,429.3471771058075,10.783520384243712,9,0.12559514244516182,1,10.924105480495236,9,0.0785751487609877,Cliente premium
CLI-2026-0405,7.589838978180683,26.41102619995464,15.34436066004439,8,0.28800807502950904,1,18.52491000967907,48,0.7042462553602488,Leal navegador
CLI-2026-0276,1.0198729302783884,87.1597472016174,314.5548997847744,2,0.0,1,1.314965190070693,1,0.5778865813313393,Comprador ocasional
CLI-2026-0455,6.212574030632215,74.96431614376937,15.325415636067344,9,0.208782245987723,0,26.388926393338394,43,0.7673153721401483,Leal navegador
CLI-2026-0142,14.884762405932829,456.9938818094988,9.737874498803265,9,0.04186685566965151,1,11.067985904679212,0,0.06305834411096153,Cliente premium
CLI-2026-0366,1.014824044035923,62.868457985226414,223.42748645613437,2,0.007900293322683855,1,3.1577975389161823,2,0.4838023481101708,Comprador ocasional
CLI-2026-0068,1.9014131591568098,12.910916651884811,61.48165277980785,3,0.7952873820326519,8,4.544634209243617,1,0.34614915304992927,Cazador de ofertas
CLI-2026-0211,13.035025212923381,438.00634480410525,8.922220093427303,8,0.14461502757877767,1,9.579640453538026,6,0.14491108742483927,Cliente premium
CLI-2026-0169,14.65385635143226,396.1070878527955,8.0960124471973,8,0.05425800670730152,1,8.594579933554245,8,0.2406307710806458,Cliente premium
CLI-2026-0494,0.6,450.0,250.0,2,0.9,10,2.0,1,0.8,Outlier/Anomalía
CLI-2026-0376,4.9742473163597225,106.27881975121713,33.732326874228825,7,0.2870068945426816,1,24.370109559156976,31,0.749117650468219,Leal navegador
CLI-2026-0401,4.90783636728191,75.4470883479199,24.566285807461473,8,0.2893746248309625,2,23.749700718271132,29,0.6154104174215228,Leal navegador
CLI-2026-0273,1.0051880885035722,85.42325087983191,247.33315971244278,3,0.1899891298992297,0,2.9457532514083082,1,0.4685175536829914,Comprador ocasional
CLI-2026-0110,1.4702216336935332,23.29875153749185,42.60092205054859,2,0.7612741770530616,5,5.512229238249906,4,0.39300416471910693,Cazador de ofertas
CLI-2026-0249,1.741304432936023,104.15545732303772,199.88100917794628,1,0.21054309439895855,0,1.4886073374173407,3,0.3033214809384323,Comprador ocasional
CLI-2026-0146,17.37406061112076,364.48351442574966,7.5244112809190895,7,0.06990585991494849,1,12.297885434025003,7,0.06640713834799222,Cliente premium
CLI-2026-0093,1.219178762449059,20.108384532157928,32.61754204811233,2,0.8403097844496648,5,3.8317462178988424,1,0.30322987986881084,Cazador de ofertas
CLI-2026-0153,14.871723306814015,411.580808127506,3.8842965712059314,13,0.09195011633462745,1,9.66422814632363,6,0.0605294053566336,Cliente premium
CLI-2026-0368,4.924687606950762,89.15605014706627,20.717119351641355,5,0.2262212997250688,2,20.720599577697463,35,0.6781014957782863,Leal navegador
CLI-2026-0468,4.614012057601002,93.48787875722024,25.662444879406276,6,0.24877457215841026,2,26.896175055053938,34,0.6763166560946623,Leal navegador
CLI-2026-0084,1.292691912690541,16.373049760509264,56.87494040944404,1,0.9205862387365169,6,2.271659440444542,4,0.31293856679138937,Cazador de ofertas
CLI-2026-0246,1.2057443332247255,72.9969153405661,275.2581631476195,2,0.17529247657462227,0,2.988359748492175,1,0.5276027913843475,Comprador ocasional
CLI-2026-0166,17.75141362662324,367.77642424222216,8.897877741219476,12,0.11411094700488877,1,11.949151330673349,11,0.07028253126957437,Cliente premium
CLI-2026-0164,16.402345484621797,402.6601886994344,6.1828552309899845,9,0.13124065446940453,1,9.462697424278161,10,0.09433932167642073,Cliente premium
CLI-2026-0200,14.438649846266452,389.8403909533972,9.52350726886887,13,0.0556871205162227,0,7.183081327725487,7,0.20307350828640092,Cliente premium
CLI-2026-0229,15.09772014065141,367.1232612163436,11.714849214300907,11,0.11485189189828976,1,10.634349153736434,9,0.11049804824992528,Cliente premium
CLI-2026-0075,0.5,16.696855382793203,49.86249528732663,2,0.8722674822059014,4,4.833200657450569,5,0.28744372984904704,Cazador de ofertas
CLI-2026-0479,6.682069490062632,48.36635505587948,25.264422774694047,5,0.2885557794350879,1,24.173911060609267,40,0.6666521026438749,Leal navegador
CLI-2026-0359,1.1037997123328425,94.52895698251524,185.26829072494536,2,0.12122962620380301,0,1.7307749843488518,0,0.416987990603355,Comprador ocasional
CLI-2026-0251,1.4159273826444545,94.88807962341907,231.76896516053975,2,0.06866534971388022,1,2.9008374340238356,1,0.5475312458477979,Comprador ocasional
CLI-2026-0120,1.8007732130747096,21.311581351198605,51.02567583148412,1,0.7453207178013149,5,3.666784321259618,2,0.34192834198914174,Cazador de ofertas
CLI-2026-0311,1.570734657546646,95.65593990823173,337.963777012349,2,0.2904380558652392,0,1.4384652319822115,1,0.46847104747810836,Comprador ocasional
CLI-2026-0300,1.6533464790742043,105.0356547233509,252.5282074699191,2,0.2183180781241779,1,2.430978930260019,1,0.5749618905296667,Comprador ocasional
CLI-2026-0256,1.306684004635698,111.98204221486287,186.72711167078222,2,0.26450934254649466,1,1.8860231151513018,1,0.4169210775672443,Comprador ocasional
CLI-2026-0355,1.3820169177408548,117.48706719741006,156.56066751048166,2,0.14748486637001787,0,1.4298139477723102,1,0.23476164553908196,Comprador ocasional
CLI-2026-0400,5.410728348210694,76.72768668740714,32.49586990859157,8,0.17655148379723387,1,20.788964089962118,31,0.7762742333429846,Leal navegador
CLI-2026-0226,14.141188917749494,417.02755753391705,6.045929318624513,11,0.0696438010518369,1,9.73512911423966,6,0.12923702894478623,Cliente premium
CLI-2026-0354,2.0,93.75617966001379,303.537710914797,2,0.07586413529221513,1,2.3363710167972567,1,0.4530031479164082,Comprador ocasional
CLI-2026-0235,12.51227352921743,392.52949951744273,9.696528936894632,7,0.1005563139863566,1,10.672817353112768,9,0.04880214237749274,Cliente premium
CLI-2026-0383,4.818125874579199,95.44501272035558,7.279378043953978,7,0.24053130403344397,3,16.65233963776858,31,0.6833893400529908,Leal navegador
CLI-2026-0275,1.6258809013540911,108.86957823827987,262.91912191064046,2,0.17941194343931371,1,3.1084961177463555,2,0.4722289855800854,Comprador ocasional
CLI-2026-0037,1.5835454380019023,14.852179016784108,46.70276017876872,2,0.7742044506074489,2,3.559549413318349,4,0.5575260872625265,Cazador de ofertas
CLI-2026-0197,15.208402207903752,402.8640275491648,8.171039374691254,8,0.1326846026935946,0,9.731744639989428,13,0.11483726199254762,Cliente premium
CLI-2026-0140,15.729922004932451,380.6244115402202,8.550079759337468,9,0.04803231973398986,1,7.834562879463748,11,0.1350237179805414,Cliente premium
CLI-2026-0365,1.4516821501408836,86.26471525523564,179.4441619082985,2,0.14236286023287414,0,2.5403919465921843,0,0.5776965386088188,Comprador ocasional
CLI-2026-0245,1.3277661618579106,83.83396492107939,289.9833561682168,1,0.1768046423267294,0,3.4624944460497478,0,0.3182868080053415,Comprador ocasional
CLI-2026-0440,6.177750106268031,53.04801660809136,22.890980814720418,7,0.3078960623813982,3,21.716836896152866,39,0.8020087322065419,Leal navegador
CLI-2026-0287,1.0778891061219658,74.41256983635857,299.70061412672476,1,0.2309170428326685,0,0.6701960196641785,1,0.5235621997245747,Comprador ocasional
CLI-2026-0060,1.8902180508489437,16.857054661502303,54.155553981501974,3,0.8078172768374204,7,4.811531530744666,5,0.5073986763290033,Cazador de ofertas
CLI-2026-0112,1.4893944498203133,18.0903979143651,29.962059530432867,2,0.8426380295826911,3,5.073614619276076,5,0.3738789159026513,Cazador de ofertas
CLI-2026-0090,1.7053069732453425,28.813393841083595,34.842574327318324,1,0.8662519116332179,5,6.614021160278369,3,0.23803301053738557,Cazador de ofertas
CLI-2026-0437,5.29097904236951,115.60390397726702,11.203390307587743,8,0.4236850449425117,2,23.286472692917773,36,0.7952945493135976,Leal navegador
CLI-2026-0007,2.1316851262029566,22.597908190525846,26.086740684974323,3,0.9113874446361794,6,6.998211666693865,3,0.2533023856870787,Cazador de ofertas
CLI-2026-0361,1.2690212277574207,99.50615844081884,114.57009043932489,2,0.16470676130580034,0,2.7716878325092944,1,0.38722660939154946,Comprador ocasional
CLI-2026-0347,1.3951350277608416,115.94635413242897,211.31931798302517,2,0.08840031470420341,0,0.5,0,0.35837258994362753,Comprador ocasional
CLI-2026-0339,1.7216698991392736,72.54910387511173,203.30532745579663,1,0.14505886401118967,0,1.8708587143071982,2,0.3621676922820261,Comprador ocasional
CLI-2026-0159,14.511686729418702,458.5400335393196,6.183153380789408,11,0.11676915738300814,0,12.581365510854143,6,0.09279429989429036,Cliente premium
CLI-2026-0151,15.605270930478067,408.18250691267616,7.481161820229731,9,0.07278080345637497,0,10.721734073199643,5,0.07651684593626527,Cliente premium
CLI-2026-0178,12.353820413185003,404.96009197739664,5.085157884468045,13,0.13648882221661718,0,10.700402897049017,6,0.15590928628539671,Cliente premium
CLI-2026-0394,5.095931710264,116.77253856087191,22.413287814808637,7,0.3848638916473368,3,22.084527020810413,37,0.7301014188987254,Leal navegador
CLI-2026-0185,10.001188570252854,424.7838036841007,10.98814305741745,13,0.12749544206259006,1,8.909035273683578,10,0.12509281476309933,Cliente premium
CLI-2026-0450,5.035462205089809,77.86653731640257,24.811839202817612,7,0.26172307026557257,1,22.195526276404543,42,0.586168487895074,Leal navegador
CLI-2026-0011,1.314632922875015,15.62617771764337,22.2094505106898,3,0.7674629047969145,5,3.5627721334564817,2,0.500339830176715,Cazador de ofertas
CLI-2026-0381,7.761188124867374,94.33090622900254,24.77367982083936,6,0.3068531835291687,3,22.11427664720535,32,0.6576725808498639,Leal navegador
CLI-2026-0104,1.1790890923113524,28.533703581804197,23.888043384351672,2,0.7913405531940929,6,4.851322098804781,4,0.43502217421134926,Cazador de ofertas
CLI-2026-0082,1.6428450286046985,28.322812312209418,26.78717080818402,1,0.7989091909575214,7,4.794832164767362,2,0.46727290192593646,Cazador de ofertas
CLI-2026-0039,0.9687255804406277,16.15190997863607,68.79025224218029,2,0.7223474537270101,5,5.561627903183213,5,0.5235963803165249,Cazador de ofertas
CLI-2026-0315,0.6664237247980449,112.80396822249574,239.27464246873967,2,0.14408419475132858,0,2.467341133795918,1,0.28314007411218045,Comprador ocasional
CLI-2026-0168,15.251152906943085,350.5199926083257,12.684533590180557,13,0.04614573380036506,0,13.48920952697489,5,0.11044861186999154,Cliente premium
CLI-2026-0470,7.48911310832829,40.66362321291871,20.53944820496367,8,0.3629032727613752,1,26.468624756171888,35,0.7308270678313833,Leal navegador
CLI-2026-0297,1.14326388276689,91.88203644126665,200.27508710400912,2,0.12318897750628385,1,2.4112160650669363,3,0.4783751023661501,Comprador ocasional
CLI-2026-0475,6.195481731553291,73.36435933215893,24.069289182843104,7,0.3754286067389949,1,21.167562319162737,29,0.7436223952496694,Leal navegador
CLI-2026-0199,13.492070822266648,432.1676769045719,12.585405279237595,10,0.0,1,6.072809619828751,9,0.11120727977839644,Cliente premium
CLI-2026-0298,1.4764950335773377,84.03425407018798,277.74528013875255,2,0.1773870267591697,1,3.2178828000854143,2,0.35121266590992506,Comprador ocasional
CLI-2026-0417,5.035294574249285,76.76353262072685,31.916672051532494,4,0.4028870120837005,1,20.4106500165333,20,0.718410109170535,Leal navegador
CLI-2026-0147,16.27746044405837,377.27528592268976,7.9180863814702045,7,0.06832754924337824,1,12.501455795107447,11,0.04231206169919677,Cliente premium
CLI-2026-0393,6.196131459023907,87.8196539922412,29.66708655873634,10,0.3723980467377352,2,22.88081487494691,33,0.6355928505458643,Leal navegador
CLI-2026-0148,12.713990174539033,357.162090663321,5.200196122780412,12,0.017472367652133725,1,8.323449477308388,11,0.16089448290125144,Cliente premium
CLI-2026-0448,4.975971409113621,84.03822985338455,29.15717750059098,7,0.3027512337145582,0,25.569750157483945,34,0.7237994774601314,Leal navegador
CLI-2026-0288,1.40589553708701,67.94659428312931,189.3337364886661,2,0.25731807324247047,0,2.1450927631316254,2,0.628179890877106,Comprador ocasional
CLI-2026-0124,15.692976951795986,410.843724857946,11.571938824359023,11,0.06531888643666711,0,10.583040328158754,6,0.1041963571986475,Cliente premium
CLI-2026-0369,7.676393027208203,59.147493056954744,24.64681043692462,7,0.35714958908372596,3,26.295614336289024,34,0.611314078779402,Leal navegador
CLI-2026-0097,1.6184481108258304,19.087818713025378,32.666694066503524,1,0.8309119753035097,4,3.869719774356214,3,0.3576821891060255,Cazador de ofertas
CLI-2026-0144,17.101308792015224,392.87468739641736,5.080793177355334,12,0.1449871383387824,2,14.43827723152378,9,0.116211785673227,Cliente premium
CLI-2026-0240,17.49548414534747,389.4135609729155,10.019544053809875,12,0.12438799367824893,1,9.926842965787554,11,0.14310863330409715,Cliente premium
CLI-2026-0443,5.922556539274006,94.92398374726633,27.542846046542493,6,0.2620807734605913,3,25.553218677239418,26,0.7162103437964451,Leal navegador
CLI-2026-0098,1.6044221088719557,22.491244836317936,48.65530817237868,2,0.8348932351780202,8,4.077323086709239,4,0.221700777581143,Cazador de ofertas
CLI-2026-0408,4.657872251514885,77.47398550150008,13.4701205448062,9,0.3346000824479371,3,22.391732820140373,34,0.5803434053712277,Leal navegador
CLI-2026-0123,16.832655349404963,358.4340553339671,9.31081450923905,9,0.08705766221108902,1,11.770536058141392,5,0.08911740522828249,Cliente premium
CLI-2026-0184,14.350337232982755,394.66355572668095,10.1568599319952,12,0.11942919982719452,1,10.016055674527344,5,0.09131991135515495,Cliente premium
CLI-2026-0203,13.022817785698166,376.6168341224933,6.905141811371344,9,0.04002791070820357,1,14.33128749871273,9,0.05699176174137098,Cliente premium
CLI-2026-0247,1.0075539272867071,103.79002461240452,168.30949219577525,1,0.1875414071846821,1,2.8953236739975177,1,0.3497782981073275,Comprador ocasional
CLI-2026-0306,1.073771461895684,100.20561013165772,258.72738642131446,3,0.12627140327441613,0,4.129341340462737,1,0.6411419087139724,Comprador ocasional
CLI-2026-0299,1.1617352638867398,98.20036451705576,169.73972422882974,1,0.2743328336571819,0,2.7859936822238422,1,0.36531490338746353,Comprador ocasional
CLI-2026-0352,1.2750600618755084,105.2850951203567,197.4090398331623,2,0.1054061557513343,1,2.5574980006421586,1,0.5054057771115907,Comprador ocasional
CLI-2026-0387,5.638537233306014,96.47488842008826,21.094975579874077,5,0.22261738462236164,2,23.60210183636175,40,0.7606886698586753,Leal navegador
CLI-2026-0396,6.257975981221181,62.179829804945236,30.59454410172449,6,0.35361532343159935,2,22.119085313976353,36,0.656598124230783,Leal navegador
CLI-2026-0285,1.2042819203509303,59.475295342033604,195.76556716964427,1,0.30700697524246356,0,0.7435173595611864,0,0.6167224111551137,Comprador ocasional
CLI-2026-0126,10.0,414.4829684108024,3.5453060946502895,11,0.083445755321855,1,10.71781041300456,12,0.1801942218584408,Cliente premium
CLI-2026-0303,0.8242819666760642,87.80462708421828,251.61487584206844,2,0.15348117349147727,1,2.1018328531234207,2,0.40820904542341097,Comprador ocasional
CLI-2026-0224,17.728280859947688,418.53924640248556,4.10950415613246,9,0.08804638623491358,1,11.241748058091304,7,0.22447693608473868,Cliente premium
CLI-2026-0419,5.715615350393491,75.90904562513111,30.547034669552133,7,0.24239005916962852,2,20.334959185096526,35,0.8176226317134173,Leal navegador
CLI-2026-0220,15.880949475920797,389.31713534758666,10.204633358149453,9,0.09297437126886413,0,9.284989445299724,8,0.11620244881787385,Cliente premium
CLI-2026-0130,12.920188145748938,394.8549299430029,7.325703794321949,9,0.11615739364344782,1,10.271399264441309,9,0.15006033744645575,Cliente premium
CLI-2026-0421,6.678931290059278,83.17200884981771,40.42911001683831,8,0.41901230060095984,3,23.400983074322177,28,0.6589984608682721,Leal navegador
CLI-2026-0290,1.3753238941417452,117.2537674997985,254.38351547919208,1,0.11117553317057052,1,3.7898207993846467,2,0.3975551863737348,Comprador ocasional
CLI-2026-0445,7.450927548279212,95.22999150723723,14.113569530657387,6,0.2838440502470498,4,21.312081268018296,45,0.6447680866812517,Leal navegador
CLI-2026-0377,7.100821398422605,90.05137691993247,13.10735800389159,8,0.34057591762847417,1,23.05083954724511,30,0.8874558345767956,Leal navegador
CLI-2026-0292,0.7307275164866845,125.67455419832999,218.18355128271048,3,0.28480114229668074,1,2.2846030330171847,2,0.5221479323757343,Comprador ocasional
CLI-2026-0356,1.1450410143838836,88.31845538040119,144.8030245944382,1,0.08212570926473482,1,2.0347109762431628,2,0.5376455645502936,Comprador ocasional
CLI-2026-0295,0.9303647855030615,72.66951120102682,219.4464901562305,2,0.3089648889359553,0,2.6347835029360747,1,0.5870536143996714,Comprador ocasional
CLI-2026-0397,7.103877343316258,82.76982345714113,23.79471725422466,7,0.25148014100726407,2,25.88658781615291,45,0.6861121134617458,Leal navegador
CLI-2026-0341,1.2255954427695073,115.35322933687004,259.0326687737884,2,0.21996136593060178,0,0.7042066402436635,1,0.47314459225255723,Comprador ocasional
CLI-2026-0113,1.5240920839764105,34.863664535951955,44.72230296011415,4,0.8654193169987211,4,4.749678312319584,2,0.32409578541792966,Cazador de ofertas
CLI-2026-0180,17.01963417868527,413.766124378803,6.029317163085812,11,0.09809487184998936,0,11.060152611160223,11,0.12098083288469949,Cliente premium
CLI-2026-0308,1.2596844440389483,75.85698170209915,195.51053061968997,1,0.05791887331043942,1,2.681694656313987,0,0.4689479821221081,Comprador ocasional
CLI-2026-0433,4.846667596794255,77.77378876065418,28.25704001225167,7,0.30800474247367127,1,21.159558062353575,34,0.5871133267546261,Leal navegador
CLI-2026-0488,5.85297457656915,68.7519530212516,39.70024831517794,6,0.2445953595366499,2,21.215527306157384,40,0.7855940202108187,Leal navegador
CLI-2026-0482,8.0,122.15404687075466,15.394770537582863,7,0.37684392818382284,2,26.415079196812822,32,0.6876510405847982,Leal navegador
CLI-2026-0423,5.480603628173873,86.04516980994967,32.07386591829439,11,0.24255633931918036,1,26.5360240201177,35,0.6723572051852912,Leal navegador
CLI-2026-0234,18.499153486373878,442.6566648094061,15.805049342541185,10,0.05289020117900594,0,9.020878581445523,8,0.19667168506481628,Cliente premium
CLI-2026-0312,0.8786838961052853,79.83009330599862,269.78718322947145,2,0.2758415780171885,0,2.2619844148150903,1,0.5437915537510656,Comprador ocasional
CLI-2026-0165,14.404872993280016,418.85645973562293,10.226286116027921,11,0.08271422042109614,0,9.229914289535646,9,0.10857000423299906,Cliente premium
CLI-2026-0137,16.74013546137751,371.87139012105945,6.361266655242552,8,0.07268414235580639,1,10.399640979993501,7,0.09733757954884932,Cliente premium
CLI-2026-0198,14.874813744200955,396.53886213831,8.805776836589772,5,0.07527725892035685,1,11.119292314525694,12,0.03784055944229163,Cliente premium
CLI-2026-0259,0.8248776798090847,64.64252506638381,247.28208262850478,3,0.1997655992244839,0,2.7123838361606594,0,0.33032113535736884,Comprador ocasional
CLI-2026-0233,12.194789456400613,453.5762791320294,8.722259538465705,11,0.039986747015777015,1,10.770126348760256,9,0.009406904433524654,Cliente premium
CLI-2026-0116,1.620618936933445,23.118725888616567,32.59153584671515,1,0.901338271528297,5,8.182950209866341,1,0.3462777763490158,Cazador de ofertas
CLI-2026-0121,1.8164127788172189,25.02992367388274,55.352159875666686,1,0.7132767850657432,6,3.5439193090402235,2,0.357863519031609,Cazador de ofertas
CLI-2026-0350,0.9005818118056761,94.13046100372276,237.31839301442784,1,0.1645141296091177,1,1.4141647725962565,0,0.4634296497247793,Comprador ocasional
CLI-2026-0225,15.250449005295815,397.53254276793183,9.199063855257926,10,0.09133151486184568,1,8.836723858049867,4,0.03961694864409705,Cliente premium
CLI-2026-0403,6.913771621385585,82.4469063696362,11.839511290303744,6,0.2881856245108317,2,18.647267810938303,31,0.6695980016372884,Leal navegador
CLI-2026-0398,6.475167746495382,68.90067038294879,29.232140438090514,8,0.32781363013986686,2,22.845907293543583,32,0.6107506076647881,Leal navegador
CLI-2026-0128,14.720820743689652,395.4562755093301,10.80295973371782,11,0.0,1,10.903758813015255,17,0.09749053675742941,Cliente premium
CLI-2026-0286,0.9138181741810065,103.17305622961342,288.77511624829185,1,0.15029565374782777,0,2.416045886713138,2,0.6023238621712259,Comprador ocasional
CLI-2026-0412,7.796360822926964,122.94577389546222,12.216839843555489,7,0.3590048237669375,1,19.385814693167347,20,0.8004739609437133,Leal navegador
CLI-2026-0108,1.5698311251327355,26.077586493608056,67.13034325424329,3,0.7893990160687151,6,4.1790167336617365,5,0.5576747983560841,Cazador de ofertas
CLI-2026-0371,4.84664948940404,72.85291133575578,29.035336329099223,8,0.3453086657228916,2,24.086670535660932,35,0.5582561088030442,Leal navegador
CLI-2026-0326,0.8553617894524032,96.386886740725,339.41036010413643,1,0.21562752100899646,1,1.8231002785456973,1,0.555811832508715,Comprador ocasional
CLI-2026-0134,18.828062707733572,352.05689571473226,10.27746548090794,11,0.16229981878846794,1,5.295377386255902,10,0.05896437870429206,Cliente premium
CLI-2026-0453,8.0,85.90445417999965,37.182136133967816,3,0.3311909786271302,0,26.17636755349068,25,0.7381627583091911,Leal navegador
CLI-2026-0045,0.908591203853029,26.93236095996694,49.21487801602549,3,0.8160352120811609,9,3.409294236262697,5,0.40228354880354994,Cazador de ofertas
CLI-2026-0461,6.861636124497944,109.41642597626095,20.112240102312228,5,0.3960012662935717,3,19.677060963879583,30,0.6722696753110615,Leal navegador
CLI-2026-0066,2.0424960114283293,21.563026524058763,41.96711021349159,1,0.8352652505980728,5,5.522251046058937,3,0.304111573713106,Cazador de ofertas
CLI-2026-0284,1.4192292357199574,97.86776934684502,247.71674492126445,2,0.2685330721970079,0,1.7437189068690557,1,0.3321959132623619,Comprador ocasional
CLI-2026-0086,1.2992971825661854,25.08271570547325,54.4251826389642,3,0.806853968271468,5,5.834446193435156,2,0.06514573793699241,Cazador de ofertas
CLI-2026-0243,13.329305893480486,405.62008933674525,7.372930228141924,11,0.10690294804810925,1,5.567418829482796,8,0.12948530838051978,Cliente premium
CLI-2026-0187,12.220855066472808,372.4903688822218,3.7345679997744687,9,0.10318532692854303,0,9.779092601986662,7,0.05804464621730495,Cliente premium
CLI-2026-0384,6.449473912832307,83.04169507114192,21.74175511160424,6,0.23872969384080173,2,22.398943063512043,39,0.7348550864334991,Leal navegador
CLI-2026-0160,16.928174336576713,414.66566532781155,13.478029140640809,9,0.05327423657844024,1,12.816762842068957,9,0.11186035469638528,Cliente premium
CLI-2026-0013,1.5967849086264136,16.48345459459718,64.00366723779933,4,0.8755706528518984,8,5.276488530703684,3,0.32790358261703356,Cazador de ofertas
CLI-2026-0036,1.011662540011591,24.842997525470725,39.220296047073596,2,0.8542359201155895,5,7.156200953453265,5,0.3697599604692399,Cazador de ofertas
CLI-2026-0029,1.259744524032478,23.50295710207526,62.447456282324396,3,0.8500550312574628,4,3.636543260643339,2,0.419822331361359,Cazador de ofertas
CLI-2026-0171,12.807449826209597,374.25645200935816,9.37991642881735,9,0.06660898671573837,1,5.7914045194476245,6,0.11903698101328027,Cliente premium
CLI-2026-0143,15.402198093429934,386.73052906543796,8.35874110524246,10,0.08490681263979183,1,8.384431725390492,10,0.17195558937101343,Cliente premium
CLI-2026-0399,5.997596159081146,77.24600167182878,19.6201423930092,8,0.21884012744360276,3,24.385961567215524,36,0.6420702523026905,Leal navegador
CLI-2026-0343,0.9508666780330304,106.02952550479047,170.17130494214462,1,0.05374393156886843,0,2.3523391119400463,1,0.42843323624523677,Comprador ocasional
CLI-2026-0222,16.104979908834295,393.4560043955094,11.520421572455975,12,0.12750717553846255,1,14.895868635551484,5,0.12758789961243702,Cliente premium
CLI-2026-0096,0.9145940207471526,20.579088359559947,36.54413170794038,2,0.9562415714682637,6,3.7157099592700975,3,0.3977040827223121,Cazador de ofertas
CLI-2026-0052,1.3459670878334733,24.046911848899864,34.60635607109019,2,0.785386487828611,5,5.415878617925735,3,0.3620031326718261,Cazador de ofertas
CLI-2026-0241,13.653018751512263,386.413811351057,7.584632048048679,8,0.0963927462771405,0,12.81512562693042,11,0.22121548116434264,Cliente premium
CLI-2026-0485,7.991553302204734,126.91687003618318,22.057427735263534,3,0.2755105002591376,0,16.943267524729798,36,0.7316669176172307,Leal navegador
CLI-2026-0379,6.532006198821943,93.88396654581344,17.748363589126278,5,0.32063041477557824,2,21.43309914884584,34,0.8127504834640418,Leal navegador
CLI-2026-0179,18.284030320272738,481.1765338993593,11.601241723833276,12,0.0768143443501714,1,7.975991200195885,10,0.14192378694048635,Cliente premium
CLI-2026-0042,1.568547312475988,17.075906089889738,15.718683007162472,2,0.7657410024937354,7,5.958831674440095,4,0.3016114165945678,Cazador de ofertas
CLI-2026-0499,0.8,490.0,350.0,1,0.05,9,1.0,0,0.05,Outlier/Anomalía
CLI-2026-0422,5.863004510557542,83.38243004269077,10.164446214882208,6,0.3503814108832717,2,19.405400976166852,28,0.8029042313657984,Leal navegador
CLI-2026-0207,16.836633212004624,418.7778445249641,14.168621389820967,11,0.07044271603321223,1,5.497355664618152,9,0.18408218975018842,Cliente premium
CLI-2026-0283,0.8366484212157657,87.61445721507593,166.45576801107006,1,0.06528739303547196,1,2.4820039746855036,0,0.5683493666889928,Comprador ocasional
CLI-2026-0255,1.6452348085607893,108.91075515131556,183.3523233807503,2,0.17670879732548278,1,0.8884126699796528,1,0.3396330171469631,Comprador ocasional
CLI-2026-0413,6.706078913815132,88.1338745649305,22.57002999928714,6,0.4145512874367969,2,16.887245610652474,20,0.6298003120837569,Leal navegador
CLI-2026-0005,1.4063386501106656,16.05678204921587,71.48181360421646,2,0.824642098458857,8,4.884044601470814,2,0.4285800158650832,Cazador de ofertas
CLI-2026-0257,1.1060825908430536,89.12066104671635,217.31286839802578,3,0.23654133821382628,1,2.9972564084635582,1,0.37198008708825375,Comprador ocasional
CLI-2026-0449,5.720189657622994,81.3369905789341,11.017124388151489,7,0.29025136941770674,2,20.89894226661751,25,0.7000742524277567,Leal navegador
CLI-2026-0101,0.9338517031798342,26.11756114224708,37.93442541572516,2,0.8698201489926547,6,2.993788849871898,3,0.19434181013402485,Cazador de ofertas
CLI-2026-0227,15.244595006064568,402.2566045183542,6.414149954750729,7,0.10346775205901099,2,16.610858367542587,7,0.22118031096148197,Cliente premium
CLI-2026-0430,4.0,112.72698794525687,16.24712438840651,4,0.3862583752147698,0,20.337914106341564,31,0.7359539188789413,Leal navegador
CLI-2026-0214,13.06331109027273,428.62182047201003,6.2507676842931845,11,0.14085264207689807,1,11.869775640293835,8,0.06924529040860655,Cliente premium
CLI-2026-0172,12.119898234811412,443.2632611323653,5.966853890743682,7,0.06385406147032013,1,7.9853248337595275,8,0.10685545853958661,Cliente premium
CLI-2026-0099,1.5020453826569844,35.887951400041054,48.674498566630845,2,0.7924383460275853,3,2.4833242334485846,1,0.449626681944714,Cazador de ofertas
CLI-2026-0293,1.6851637724905872,84.28397073895404,221.0155368216964,2,0.19503046881394837,1,3.2109653421237354,1,0.34498592603978545,Comprador ocasional
CLI-2026-0216,12.33194901016359,419.5233607223152,8.8477398514649,9,0.06273518749127807,1,10.598117160277873,11,0.05712110705426918,Cliente premium
CLI-2026-0062,1.425736409334473,24.89483449145911,46.75991074963173,3,0.7837608887970507,3,2.5848771362695357,3,0.20356251197901795,Cazador de ofertas
CLI-2026-0048,1.9228488904875662,17.47758301385506,37.604985980117505,3,0.8228439202789848,5,5.4310081463260165,2,0.5642270358611864,Cazador de ofertas
CLI-2026-0033,1.4946011101048264,23.758434839792088,47.98589543360205,2,0.7198356831327176,5,6.223909989428513,4,0.4549552715319335,Cazador de ofertas
CLI-2026-0268,1.125892289776201,103.4194588877878,170.4935031069081,1,0.15191224346279644,0,2.8219258822116093,3,0.26199899660922366,Comprador ocasional
CLI-2026-0328,1.3387773878561853,98.53641744278796,207.45881255310408,1,0.18637927297129075,1,3.2606373180337522,2,0.46480894197982764,Comprador ocasional
CLI-2026-0201,11.614086371609229,409.3587309925166,9.614888237148898,13,0.13187978186244437,1,7.015187484002361,10,0.12104432441479808,Cliente premium
CLI-2026-0447,4.3173413058773145,101.31002044888525,31.5581028950155,5,0.31943640116155564,2,20.617272483090627,36,0.557102359771525,Leal navegador
CLI-2026-0028,1.6502792073382688,23.781908039399116,23.46206773230841,3,0.8653234735495453,6,5.550464819113487,2,0.2853063222294426,Cazador de ofertas
CLI-2026-0425,6.428316692375238,70.65967701744128,14.212969295783722,6,0.27085414847229644,2,25.43350249340787,37,0.8559548786406967,Leal navegador
CLI-2026-0231,13.59601662438649,357.6606840005612,8.92649903779689,11,0.08505518318185648,0,12.714465812348369,11,0.1109804159118796,Cliente premium
CLI-2026-0261,1.4646999186970227,112.80766327039572,196.79787034519828,2,0.18094468165513622,0,2.4592456225772485,3,0.539295387010877,Comprador ocasional
CLI-2026-0289,1.2317683359345701,64.55281627564219,198.0177145636568,1,0.09060126139692927,0,1.1053479689337518,1,0.28433767923222264,Comprador ocasional
CLI-2026-0163,16.194800139699716,419.5414419382603,14.47192463979651,10,0.062107124173649955,1,7.23573832878516,12,0.15704121727100628,Cliente premium
CLI-2026-0426,6.077156496217717,59.308314686000614,30.057066691785277,6,0.2632168806213172,2,20.827043087365684,20,0.6878563978446692,Leal navegador
CLI-2026-0139,15.300837810287153,458.7195284926754,3.5632652936776132,11,0.05416143283501859,0,13.164269602161752,7,0.136337238230116,Cliente premium
CLI-2026-0063,1.0574660103975888,20.659223288044895,64.16497343682637,3,0.8251953872483739,5,2.8784151893876064,4,0.3724451818559972,Cazador de ofertas
CLI-2026-0136,15.434865746359446,490.28982681790114,1.0,11,0.050879882350834627,1,10.232112252852787,8,0.11261098405912642,Cliente premium
CLI-2026-0129,17.216365633475032,401.53340151926886,3.899363904753737,12,0.09746239216630671,0,7.1406844816983455,11,0.12002639794282986,Cliente premium
CLI-2026-0477,6.4359753895000456,81.04124542030637,28.26298987958858,8,0.25600475946384527,2,21.33223865443336,33,0.7325702335192752,Leal navegador
CLI-2026-0009,1.3122102456260192,12.696019413603203,76.8323429551895,4,0.7577652307404126,6,1.7386886530025318,5,0.3496397460909431,Cazador de ofertas
CLI-2026-0327,1.3998937502727635,80.56524893325494,234.69926661897216,1,0.14731099482370297,0,2.1250910490086636,0,0.4867619840209711,Comprador ocasional
CLI-2026-0464,5.1971755560491575,50.047269803434766,24.134547170363216,10,0.30429754788896507,2,22.122810054201878,25,0.7225925610672109,Leal navegador
CLI-2026-0065,1.8250103289576791,24.83942574744127,53.20646071755057,1,0.8900669236995884,4,4.440667269215018,2,0.5183927691457868,Cazador de ofertas
CLI-2026-0301,0.7646472929845323,117.34797631804922,208.84148278672765,2,0.18318924002895282,0,0.8760900510173633,0,0.5279349003905333,Comprador ocasional
CLI-2026-0015,0.8100328669947868,17.300480245982577,51.657291422193424,1,0.7360859455708515,7,4.780150146715617,4,0.3708382807947552,Cazador de ofertas
CLI-2026-0157,18.227422538117295,442.96841473656525,5.99278178402025,12,0.08453081642151059,1,13.260850607195382,10,0.10356907621255076,Cliente premium
CLI-2026-0041,1.7953866319981642,28.951573474044423,76.995500619844,1,0.8355833501032889,8,5.448611608583281,5,0.28485819963855513,Cazador de ofertas
CLI-2026-0380,6.361661061247016,107.02645915471524,9.457124597076353,8,0.2939511158281197,2,19.433343372273782,37,0.7978481248812057,Leal navegador
CLI-2026-0469,6.5055892418358745,110.59037339520317,18.024543799056175,5,0.3148737788681027,0,19.29439689571026,40,0.6326303039721146,Leal navegador
CLI-2026-0404,4.454270213309266,73.7878472630538,24.29564683441367,7,0.22527755534219523,3,22.455563014396624,36,0.7785564402007876,Leal navegador
CLI-2026-0217,13.797264712097572,400.3623416945183,7.2539266214493585,13,0.09614920361346438,0,15.185206674374934,8,0.10829900704465092,Cliente premium
CLI-2026-0280,1.4371876797488305,67.68088577598931,248.86250020504573,2,0.15988381567644658,0,1.3547538857917978,1,0.533019181186261,Comprador ocasional
CLI-2026-0435,4.2061075021321095,64.78803560142174,15.76117643022689,5,0.27802700743465575,2,25.204255742134386,45,0.5549277478016437,Leal navegador
CLI-2026-0431,6.458168114788698,78.95638826034757,38.39849676628741,6,0.40726893364829586,3,18.204138724466564,39,0.7578430625728172,Leal navegador
CLI-2026-0338,1.6267109585095523,125.75863836825106,183.25253954055623,2,0.1306802043303377,1,1.8294709103316809,1,0.6441217436463749,Comprador ocasional
CLI-2026-0237,13.563185468861604,405.2033610020739,10.260024863313598,9,0.09402520397094237,1,11.553929724640128,1,0.09853777898506691,Cliente premium
CLI-2026-0208,11.858998792753646,368.5536206373137,4.69037490283495,12,0.0653270235274125,1,8.643315500664945,6,0.14788455303625622,Cliente premium
CLI-2026-0213,16.100104198049102,399.12405644392,10.581420465079237,10,0.12868634083301986,1,5.051750474060531,6,0.19902703432841867,Cliente premium
CLI-2026-0296,0.8009059122783031,119.71623240013878,192.41088903743304,2,0.10752232817504284,0,2.359848346974971,2,0.5195202900083999,Comprador ocasional
CLI-2026-0458,5.436052511941757,83.77992056289233,16.93795976091969,7,0.20184600579744788,2,15.829969486451171,34,0.6540310199652191,Leal navegador
CLI-2026-0252,0.8120181126386509,108.37483311185025,210.62368798734713,2,0.1304735621060639,0,3.378136540600786,1,0.5015628088443956,Comprador ocasional
CLI-2026-0489,0.5,500.0,120.0,1,0.0,8,0.5,45,0.95,Outlier/Anomalía
CLI-2026-0487,5.449884717063461,98.57893975524466,23.28391699178784,6,0.4535255620661065,1,22.665127187690505,27,0.7611906876861098,Leal navegador
CLI-2026-0304,1.3090895647874903,68.47904627835923,233.6020517827556,2,0.1946511611614805,0,2.274697899421321,0,0.2474192126888623,Comprador ocasional
CLI-2026-0351,1.0848086184142944,64.37784994888555,164.89529996983052,2,0.19760235726684516,0,2.247187377271678,0,0.45795978623760364,Comprador ocasional
CLI-2026-0270,1.0057374583094523,84.47930314664839,255.4916334906697,2,0.27507306870656867,0,3.4168049817275046,3,0.26168497919414163,Comprador ocasional
CLI-2026-0202,14.8033207464105,411.25942321686045,11.217522011929407,9,0.07908527750804471,0,10.357357736909266,5,0.13153504528593418,Cliente premium
CLI-2026-0162,12.544784369726015,398.04808228198027,6.536265775562892,10,0.12320192262858595,1,8.972964280113539,10,0.06989062721092636,Cliente premium
CLI-2026-0044,1.3795585217642845,24.47668556161899,53.82475809726865,2,0.7203087962638623,4,2.1446629201643153,3,0.39241659464019163,Cazador de ofertas
CLI-2026-0218,15.639563868285073,354.0857318677444,12.822036728059977,10,0.07903217574436336,0,7.7015385210339415,8,0.14331791872231672,Cliente premium
CLI-2026-0402,6.8347513263248825,59.8972925605321,23.55241554884699,6,0.3101016842980131,1,22.33780351464958,30,0.592170229240413,Leal navegador
CLI-2026-0191,17.768545637021035,361.38216878391444,11.984582425547174,11,0.09353935373846764,0,11.402298619853097,8,0.1286670832185204,Cliente premium
CLI-2026-0310,1.3212884264885092,94.02695296859098,186.9835788008418,2,0.13364230232111027,1,2.030232824079079,1,0.3245077331997708,Comprador ocasional
CLI-2026-0260,1.38135459790661,87.85941598386782,279.4898462134371,2,0.2563146655628328,1,2.047597515201751,1,0.5393697689389111,Comprador ocasional
CLI-2026-0106,1.6616203427258154,15.533531332424163,41.798292724322295,1,0.8400197263172169,7,3.0024689388918135,4,0.3150742295681571,Cazador de ofertas
CLI-2026-0054,1.744670515536347,26.963099494216145,49.60949281314914,2,0.7522175887205429,5,6.121171088331932,4,0.24772074348015943,Cazador de ofertas
CLI-2026-0390,5.017696419622686,90.85430964283707,15.94588818387259,8,0.3610891571384877,2,22.67992115001597,33,0.7033225431567673,Leal navegador
CLI-2026-0002,1.444694279531526,13.588893623246314,39.98248146238578,2,0.872898385416967,5,1.9461245936432396,2,0.1076120673371043,Cazador de ofertas
CLI-2026-0442,6.1310651862158485,80.73086441299124,25.166558248767384,6,0.367307939340672,1,19.163488871538696,41,0.7221850703881151,Leal navegador
CLI-2026-0483,5.325065981209447,82.93137551419431,23.19490785816951,4,0.3543472658241388,4,22.643928836794355,34,0.6650976691395932,Leal navegador
CLI-2026-0050,0.7947839378549064,17.10513829020737,57.744031455315366,1,0.7969266673462104,5,2.496983461934848,5,0.39363236696740317,Cazador de ofertas
CLI-2026-0420,7.590582072617851,80.62693445129928,26.832967116708144,3,0.2881953787606623,2,20.583142666795062,27,0.6338656698023188,Leal navegador
CLI-2026-0081,1.4121312448649952,28.498307459051663,29.90973927750447,2,0.7077524847384487,5,6.6704668265306,4,0.34744459290085544,Cazador de ofertas
CLI-2026-0206,17.7840045726892,373.5489194177504,2.1009302318719945,11,0.10186934272805517,1,11.252111187361143,16,0.10411424516218828,Cliente premium
CLI-2026-0035,1.8290179648412757,33.19464706686854,46.04703127485028,1,0.7802425744632492,5,4.447517264254557,4,0.48173940656343256,Cazador de ofertas
CLI-2026-0264,1.2797634688956145,95.9954737436192,238.880090836771,2,0.2318967636885585,1,0.5,2,0.5212322159580163,Comprador ocasional
CLI-2026-0428,5.834368589682367,42.88706116319351,20.180189920372737,9,0.21026054965891955,2,21.7394044521762,27,0.6277046174928113,Leal navegador
CLI-2026-0367,4.792978352142784,101.81468964259099,21.607765273295705,6,0.2365937844263539,3,19.15653086560666,31,0.7094290728878762,Leal navegador
CLI-2026-0092,1.8874579962131557,25.908347507834787,42.79413927746792,1,0.8886252425924157,7,3.9557421593405113,1,0.4660826787378519,Cazador de ofertas
CLI-2026-0340,1.4936574152345385,76.64994357971473,208.19640343048374,2,0.1883553214468851,0,3.123120587404598,2,0.4121992100981783,Comprador ocasional
CLI-2026-0474,6.569760357198647,117.5833272980189,13.087628398704053,8,0.387968959081297,1,25.31567726581597,40,0.8833655722342304,Leal navegador
CLI-2026-0053,1.2292311998776164,23.660144795980113,58.493998131498756,3,0.8701415267239084,5,5.33968567189656,1,0.41135179727304166,Cazador de ofertas
CLI-2026-0346,1.6204795778839287,68.47055743377834,169.65980357298662,1,0.12184629457467927,0,2.2275528093646733,1,0.5221135362545581,Comprador ocasional
CLI-2026-0265,1.0689840791878213,95.14126317256353,223.0382107166435,2,0.1699446876513383,1,2.0504830734704123,0,0.6781651836538842,Comprador ocasional
CLI-2026-0242,15.557988324447605,405.96456778314206,4.327105291131903,10,0.0703496938152583,2,9.871515691028785,12,0.051841299770359464,Cliente premium
CLI-2026-0014,0.7346879021368808,31.299606430105236,34.38495801571829,1,0.9345649984282078,7,3.4113842802698016,4,0.35268858389945307,Cazador de ofertas
CLI-2026-0316,1.295895547775693,115.70498669447505,241.8905918951187,2,0.11386724190723017,0,2.0757927609402014,1,0.5558728529883878,Comprador ocasional
CLI-2026-0089,1.2880959184931844,25.425343064159,46.137068372905894,2,0.8341368734865139,7,3.724067324849442,4,0.31375590585968677,Cazador de ofertas
CLI-2026-0388,6.416446038101452,59.47391166923328,11.606269092433406,6,0.33275700054433033,2,29.94396333341766,30,0.6855752544036285,Leal navegador
CLI-2026-0274,1.5963912096819035,77.74448471913759,211.62744721682554,2,0.038055506015844676,0,2.0107557702248435,1,0.49254448641841725,Comprador ocasional
CLI-2026-0167,14.699888825934947,405.92762884126273,11.905223868196394,10,0.09938931269177899,0,13.27577186529902,8,0.0,Cliente premium
CLI-2026-0329,0.682257981362821,84.06639830825469,256.8720600790901,2,0.10868562848899425,1,1.1702691451326002,1,0.3618931663338708,Comprador ocasional
CLI-2026-0493,0.6,450.0,250.0,2,0.9,10,2.0,1,0.8,Outlier/Anomalía
CLI-2026-0135,14.618635198473307,396.9101283077061,6.2704687978198415,10,0.08083174830701632,1,8.628187730647596,10,0.09459299011763445,Cliente premium
CLI-2026-0307,0.5,75.72482147578778,206.7476646726671,2,0.16930575479334248,1,3.4131152442028583,1,0.32195444289975333,Comprador ocasional
CLI-2026-0481,5.777525103221735,114.94863366359253,25.558190462652757,4,0.4314763622019545,1,23.35665889406946,39,0.6714022169903754,Leal navegador
CLI-2026-0320,1.0538314307659342,81.99952131186204,233.11518096637428,2,0.19981689791202148,0,3.7101501258721523,2,0.37668438028900036,Comprador ocasional
CLI-2026-0244,19.290298255546777,400.1066107053695,5.448438637372099,11,0.15599527739580862,1,13.154803751784979,9,0.08690089111016955,Cliente premium
CLI-2026-0055,1.9123998089983805,22.078011351267442,57.1929317825844,4,0.8517882506749169,5,5.750883231823356,4,0.3242623462576655,Cazador de ofertas
CLI-2026-0364,1.3264759831843367,111.52094342883012,256.9708055815132,2,0.06967563225263917,1,1.9309962090551425,1,0.20121913434649205,Comprador ocasional
CLI-2026-0051,1.629633587757918,21.537389743515376,50.35523228947571,3,0.8803775685528664,5,5.070296776508945,3,0.35380034781682,Cazador de ofertas
CLI-2026-0457,7.1059004243573085,91.45949007235336,9.657587878322833,6,0.23221053448231468,0,20.771903756524154,43,0.7445922855775751,Leal navegador
CLI-2026-0175,13.017215301087386,361.76905323645974,6.904035346063674,13,0.1625009967697258,2,6.914127820300195,2,0.06095935923455775,Cliente premium
CLI-2026-0446,7.8071966436378855,123.70308080120458,19.726759216569622,4,0.25685291954242606,1,22.22937037553868,37,0.6751391274416112,Leal navegador
CLI-2026-0190,19.879504812678547,417.77969644193905,7.247500950634858,7,0.06587334828757246,0,13.996617926261791,4,0.1225443850928009,Cliente premium
CLI-2026-0497,20.0,8.0,1.0,15,0.0,0,30.0,0,1.0,Outlier/Anomalía
CLI-2026-0188,11.709202506086216,353.4068466254778,12.50400095586646,8,0.09303185266328666,1,9.07497242529468,2,0.04662373671237799,Cliente premium
CLI-2026-0170,15.031158095162935,368.36323254873236,5.73974638896145,10,0.12119843270324646,2,9.47694531563868,6,0.1592302143949012,Cliente premium
CLI-2026-0059,1.6325053725614256,25.754004086590037,56.20940407684893,3,0.8546243276308323,2,5.144427328698879,3,0.30168135377006255,Cazador de ofertas
CLI-2026-0049,1.6374473158273846,16.66291342224686,36.15952864583683,2,0.7683751980829628,6,4.7665515013998805,3,0.5227543170100711,Cazador de ofertas
CLI-2026-0345,1.325519466266605,102.81391841856288,191.6168058100331,2,0.11102376630440583,0,1.792154645447294,2,0.5381407528923572,Comprador ocasional
CLI-2026-0236,13.614189604408185,452.17541478974834,2.717711722532547,12,0.08718327127758392,1,9.142019311256474,6,0.10666738353827926,Cliente premium
CLI-2026-0253,0.9130690869545973,73.16598247721372,188.64937337654413,2,0.1468554169897895,1,1.7168154992246165,0,0.5478422112028035,Comprador ocasional
CLI-2026-0022,1.4096894798053858,23.107803151193824,26.283252270527257,4,0.7701429930153377,7,6.080462694911759,6,0.41408428612670095,Cazador de ofertas
CLI-2026-0314,1.5577522537433923,76.51533711463391,167.1016817302572,2,0.13793298307466437,0,1.2065915396147007,3,0.7368403055666768,Comprador ocasional
CLI-2026-0460,6.078143062969647,74.32799387121666,16.925713218484773,6,0.41535194675308584,2,18.380580406919346,39,0.8156384520660382,Leal navegador
CLI-2026-0161,17.378940977849282,375.3245850484557,10.033777614017808,9,0.15493191104870183,1,7.272583924462005,10,0.12204595876978605,Cliente premium
CLI-2026-0277,0.6400380145918151,116.19872768093244,188.5605586946007,2,0.20004064134648286,2,1.5403886707778613,0,0.3547683619261203,Comprador ocasional
CLI-2026-0444,4.804706236400755,74.29366574864682,27.87710036367464,6,0.3043687719058381,3,24.158573565754388,37,0.5934258589323098,Leal navegador
CLI-2026-0192,16.12781824010472,324.6488292466631,9.66869002820198,10,0.06818394359443883,1,9.261299204927099,9,0.132197659895425,Cliente premium
CLI-2026-0386,4.985240506814148,102.78074244559784,22.98462561324945,6,0.19197831163970322,1,20.25469913310989,33,0.768448498610505,Leal navegador
CLI-2026-0294,1.2313067812569638,60.852840848141064,143.21307375209375,1,0.07961485171983565,0,1.5229472180274115,2,0.5257495149337486,Comprador ocasional
CLI-2026-0414,5.757318723187967,105.47061288370689,11.651938998367234,9,0.35847264741991164,1,21.065286262755706,31,0.8102327194602855,Leal navegador
CLI-2026-0344,1.3567542315797272,101.81178432800994,222.19736443999395,1,0.06663644702055176,1,2.5593749770280274,0,0.36270389095462996,Comprador ocasional
CLI-2026-0258,1.1997874216270061,93.56801496283866,191.36960043556994,1,0.0450224645254875,0,1.826803696617442,1,0.5830574904039041,Comprador ocasional
CLI-2026-0309,1.3310215655200528,101.87575763099771,176.59397893768806,3,0.1809058654249248,0,2.257629489026996,2,0.5507443973195199,Comprador ocasional
CLI-2026-0150,12.707309213962624,373.0509369129475,5.345591857919297,15,0.07688651211948792,0,9.374883713502618,9,0.07489742228212448,Cliente premium
CLI-2026-0131,16.22554781012514,433.73576908782184,4.489660921821922,10,0.0,1,9.916925023388847,8,0.047807259193322904,Cliente premium
CLI-2026-0152,13.491448299961284,345.54365238287306,13.13512544042703,10,0.2,0,10.650804596928051,4,0.17627173922073847,Cliente premium
CLI-2026-0360,1.7385634067736966,91.51291484194329,241.38516344489742,1,0.17408858713533937,1,2.3793731234326345,0,0.42883330180688234,Comprador ocasional
CLI-2026-0100,1.4061651466499412,10.796408844449513,37.39585236943305,2,0.7690093378321124,8,3.1220220802737026,5,0.30062434168386876,Cazador de ofertas
CLI-2026-0373,6.338552876285914,93.51687317259658,33.0119716001563,8,0.33448501942168657,1,18.046538790341394,40,0.6721249935535162,Leal navegador
CLI-2026-0088,1.6315004438638738,45.11638894392833,31.541184427712526,2,0.6873318814595268,4,6.098220562598026,4,0.17602862212219,Cazador de ofertas
CLI-2026-0459,5.183782755458036,95.0048093887314,26.77152910065402,8,0.2608502874032771,0,20.135615847866923,23,0.7421280612408945,Leal navegador
CLI-2026-0331,1.5582328209142116,128.46904180597073,236.80377961807366,2,0.13353124552957277,1,1.7331205389231963,2,0.5686734620177332,Comprador ocasional
CLI-2026-0215,15.21075101229192,448.65726421560595,7.498634858640766,12,0.11993243592591842,2,7.318142435650484,6,0.07945712443948308,Cliente premium
CLI-2026-0467,7.972542176789808,69.08885864118236,21.01013855920195,7,0.17249651332154034,1,18.85773773119181,37,0.580622264589178,Leal navegador
CLI-2026-0122,1.1362450180821044,27.194531165020727,38.98169292171246,1,0.9097626586893509,4,6.283524796661328,0,0.1501799315467892,Cazador de ofertas
CLI-2026-0500,0.8,490.0,350.0,1,0.05,9,1.0,0,0.05,Outlier/Anomalía
CLI-2026-0021,2.086259507568622,12.355100592632635,41.2114777291026,2,0.8229112976766896,3,3.036190120534001,3,0.5297686526849522,Cazador de ofertas
CLI-2026-0189,17.04514086401928,335.7328119413846,7.0319604834735925,10,0.08777537206309344,0,9.353009843332243,10,0.12823804206182582,Cliente premium
CLI-2026-0072,2.1152146265863876,14.525567327728073,45.31505762449139,1,0.7947409311507841,4,3.8065870669424364,1,0.19236078430157502,Cazador de ofertas
CLI-2026-0107,2.2544743604842123,17.708177744440192,49.66361348397007,1,0.882252396655474,6,5.976483597714876,4,0.3178364948782617,Cazador de ofertas
CLI-2026-0271,1.423257591449981,51.93314160257511,189.46855583285674,1,0.08452570672463988,1,1.4408667833401303,2,0.41276809470620773,Comprador ocasional
CLI-2026-0349,1.5155842853168755,90.41218511863944,317.0686594538209,2,0.11351033380206493,0,2.562806970043574,0,0.5670198709196603,Comprador ocasional
CLI-2026-0436,4.6445524968877105,74.69563212383514,30.655878473999536,3,0.3594923878114521,2,18.404134273716696,31,0.6946119606205972,Leal navegador
CLI-2026-0103,1.362914193389292,19.1684088052634,23.27873487754014,2,0.8242939742331635,5,4.447972668919828,4,0.500075979063431,Cazador de ofertas
